Venue,Country,Gold,Silver,Bronze,Total,Image URL
paris-2024,AIN,1,3,1,5,https://gstatic.olympics.com/s1/t_s_pog_flag/f_auto/static/flag/4x3/ioa
paris-2024,Albania,-,-,2,2,https://gstatic.olympics.com/s1/t_s_pog_flag/f_auto/static/flag/4x3/al
paris-2024,Algeria,2,-,1,3,https://gstatic.olympics.com/s1/t_s_pog_flag/f_auto/static/flag/4x3/dz
paris-2024,Argentina,1,1,1,3,https://gstatic.olympics.com/s1/t_s_pog_flag/f_auto/static/flag/4x3/ar
paris-2024,Armenia,-,3,1,4,https://gstatic.olympics.com/s1/t_s_pog_flag/f_auto/static/flag/4x3/am
paris-2024,Australia,18,19,16,53,https://gstatic.olympics.com/s1/t_s_pog_flag/f_auto/static/flag/4x3/au
paris-2024,Austria,2,-,3,5,https://gstatic.olympics.com/s1/t_s_pog_flag/f_auto/static/flag/4x3/at
paris-2024,Azerbaijan,2,2,3,7,https://gstatic.olympics.com/s1/t_s_pog_flag/f_auto/static/flag/4x3/az
paris-2024,Bahrain,2,1,1,4,https://gstatic.olympics.com/s1/t_s_pog_flag/f_auto/static/flag/4x3/bh
paris-2024,Belgium,3,1,6,10,https://gstatic.olympics.com/s1/t_s_pog_flag/f_auto/static/flag/4x3/be
paris-2024,Botswana,1,1,-,2,https://gstatic.olympics.com/s1/t_s_pog_flag/f_auto/static/flag/4x3/bw
paris-2024,Brazil,3,7,10,20,https://gstatic.olympics.com/s1/t_s_pog_flag/f_auto/static/flag/4x3/br
paris-2024,Bulgaria,3,1,3,7,https://gstatic.olympics.com/s1/t_s_pog_flag/f_auto/static/flag/4x3/bg
paris-2024,Cabo Verde,-,-,1,1,https://gstatic.olympics.com/s1/t_s_pog_flag/f_auto/static/flag/4x3/cv
paris-2024,Canada,9,7,11,27,https://gstatic.olympics.com/s1/t_s_pog_flag/f_auto/static/flag/4x3/ca
paris-2024,Chile,1,1,-,2,https://gstatic.olympics.com/s1/t_s_pog_flag/f_auto/static/flag/4x3/cl
paris-2024,Chinese Taipei,2,-,5,7,https://gstatic.olympics.com/s1/t_s_pog_flag/f_auto/static/flag/4x3/tw
paris-2024,Colombia,-,3,1,4,https://gstatic.olympics.com/s1/t_s_pog_flag/f_auto/static/flag/4x3/co
paris-2024,Croatia,2,2,3,7,https://gstatic.olympics.com/s1/t_s_pog_flag/f_auto/static/flag/4x3/hr
paris-2024,Cuba,2,1,6,9,https://gstatic.olympics.com/s1/t_s_pog_flag/f_auto/static/flag/4x3/cu
paris-2024,Cyprus,-,1,-,1,https://gstatic.olympics.com/s1/t_s_pog_flag/f_auto/static/flag/4x3/cy
paris-2024,Czechia,3,-,2,5,https://gstatic.olympics.com/s1/t_s_pog_flag/f_auto/static/flag/4x3/cz
paris-2024,Côte d'Ivoire,-,-,1,1,https://gstatic.olympics.com/s1/t_s_pog_flag/f_auto/static/flag/4x3/ci
paris-2024,Democratic People's Republic of Korea,-,2,4,6,https://gstatic.olympics.com/s1/t_s_pog_flag/f_auto/static/flag/4x3/kp
paris-2024,Denmark,2,2,5,9,https://gstatic.olympics.com/s1/t_s_pog_flag/f_auto/static/flag/4x3/dk
paris-2024,Dominica,1,-,-,1,https://gstatic.olympics.com/s1/t_s_pog_flag/f_auto/static/flag/4x3/dm
paris-2024,Dominican Republic,1,-,2,3,https://gstatic.olympics.com/s1/t_s_pog_flag/f_auto/static/flag/4x3/do
paris-2024,EOR,-,-,1,1,https://gstatic.olympics.com/s1/t_s_pog_flag/f_auto/static/flag/4x3/xxb
paris-2024,Ecuador,1,2,2,5,https://gstatic.olympics.com/s1/t_s_pog_flag/f_auto/static/flag/4x3/ec
paris-2024,Egypt,1,1,1,3,https://gstatic.olympics.com/s1/t_s_pog_flag/f_auto/static/flag/4x3/eg
paris-2024,Ethiopia,1,3,-,4,https://gstatic.olympics.com/s1/t_s_pog_flag/f_auto/static/flag/4x3/et
paris-2024,Fiji,-,1,-,1,https://gstatic.olympics.com/s1/t_s_pog_flag/f_auto/static/flag/4x3/fj
paris-2024,France,16,26,22,64,https://gstatic.olympics.com/s1/t_s_pog_flag/f_auto/static/flag/4x3/fr
paris-2024,Georgia,3,3,1,7,https://gstatic.olympics.com/s1/t_s_pog_flag/f_auto/static/flag/4x3/ge
paris-2024,Germany,12,13,8,33,https://gstatic.olympics.com/s1/t_s_pog_flag/f_auto/static/flag/4x3/de
paris-2024,Great Britain,14,22,29,65,https://gstatic.olympics.com/s1/t_s_pog_flag/f_auto/static/flag/4x3/gb
paris-2024,Greece,1,1,6,8,https://gstatic.olympics.com/s1/t_s_pog_flag/f_auto/static/flag/4x3/gr
paris-2024,Grenada,-,-,2,2,https://gstatic.olympics.com/s1/t_s_pog_flag/f_auto/static/flag/4x3/gd
paris-2024,Guatemala,1,-,1,2,https://gstatic.olympics.com/s1/t_s_pog_flag/f_auto/static/flag/4x3/gt
paris-2024,"Hong Kong, China",2,-,2,4,https://gstatic.olympics.com/s1/t_s_pog_flag/f_auto/static/flag/4x3/hk
paris-2024,Hungary,6,7,6,19,https://gstatic.olympics.com/s1/t_s_pog_flag/f_auto/static/flag/4x3/hu
paris-2024,India,-,1,5,6,https://gstatic.olympics.com/s1/t_s_pog_flag/f_auto/static/flag/4x3/in
paris-2024,Indonesia,2,-,1,3,https://gstatic.olympics.com/s1/t_s_pog_flag/f_auto/static/flag/4x3/id
paris-2024,Ireland,4,-,3,7,https://gstatic.olympics.com/s1/t_s_pog_flag/f_auto/static/flag/4x3/ie
paris-2024,Islamic Republic of Iran,3,6,3,12,https://gstatic.olympics.com/s1/t_s_pog_flag/f_auto/static/flag/4x3/ir
paris-2024,Israel,1,5,1,7,https://gstatic.olympics.com/s1/t_s_pog_flag/f_auto/static/flag/4x3/il
paris-2024,Italy,12,13,15,40,https://gstatic.olympics.com/s1/t_s_pog_flag/f_auto/static/flag/4x3/it
paris-2024,Jamaica,1,3,2,6,https://gstatic.olympics.com/s1/t_s_pog_flag/f_auto/static/flag/4x3/jm
paris-2024,Japan,20,12,13,45,https://gstatic.olympics.com/s1/t_s_pog_flag/f_auto/static/flag/4x3/jp
paris-2024,Jordan,-,1,-,1,https://gstatic.olympics.com/s1/t_s_pog_flag/f_auto/static/flag/4x3/jo
paris-2024,Kazakhstan,1,3,3,7,https://gstatic.olympics.com/s1/t_s_pog_flag/f_auto/static/flag/4x3/kz
paris-2024,Kenya,4,2,5,11,https://gstatic.olympics.com/s1/t_s_pog_flag/f_auto/static/flag/4x3/ke
paris-2024,Kosovo,-,1,1,2,https://gstatic.olympics.com/s1/t_s_pog_flag/f_auto/static/flag/4x3/xk
paris-2024,Kyrgyzstan,-,2,4,6,https://gstatic.olympics.com/s1/t_s_pog_flag/f_auto/static/flag/4x3/kg
paris-2024,Lithuania,-,2,2,4,https://gstatic.olympics.com/s1/t_s_pog_flag/f_auto/static/flag/4x3/lt
paris-2024,Malaysia,-,-,2,2,https://gstatic.olympics.com/s1/t_s_pog_flag/f_auto/static/flag/4x3/my
paris-2024,Mexico,-,3,2,5,https://gstatic.olympics.com/s1/t_s_pog_flag/f_auto/static/flag/4x3/mx
paris-2024,Mongolia,-,1,-,1,https://gstatic.olympics.com/s1/t_s_pog_flag/f_auto/static/flag/4x3/mn
paris-2024,Morocco,1,-,1,2,https://gstatic.olympics.com/s1/t_s_pog_flag/f_auto/static/flag/4x3/ma
paris-2024,Netherlands,15,7,12,34,https://gstatic.olympics.com/s1/t_s_pog_flag/f_auto/static/flag/4x3/nl
paris-2024,New Zealand,10,7,3,20,https://gstatic.olympics.com/s1/t_s_pog_flag/f_auto/static/flag/4x3/nz
paris-2024,Norway,4,1,3,8,https://gstatic.olympics.com/s1/t_s_pog_flag/f_auto/static/flag/4x3/no
paris-2024,Pakistan,1,-,-,1,https://gstatic.olympics.com/s1/t_s_pog_flag/f_auto/static/flag/4x3/pk
paris-2024,Panama,-,1,-,1,https://gstatic.olympics.com/s1/t_s_pog_flag/f_auto/static/flag/4x3/pa
paris-2024,People's Republic of China,40,27,24,91,https://gstatic.olympics.com/s1/t_s_pog_flag/f_auto/static/flag/4x3/cn
paris-2024,Peru,-,-,1,1,https://gstatic.olympics.com/s1/t_s_pog_flag/f_auto/static/flag/4x3/pe
paris-2024,Philippines,2,-,2,4,https://gstatic.olympics.com/s1/t_s_pog_flag/f_auto/static/flag/4x3/ph
paris-2024,Poland,1,4,5,10,https://gstatic.olympics.com/s1/t_s_pog_flag/f_auto/static/flag/4x3/pl
paris-2024,Portugal,1,2,1,4,https://gstatic.olympics.com/s1/t_s_pog_flag/f_auto/static/flag/4x3/pt
paris-2024,Puerto Rico,-,-,2,2,https://gstatic.olympics.com/s1/t_s_pog_flag/f_auto/static/flag/4x3/pr
paris-2024,Qatar,-,-,1,1,https://gstatic.olympics.com/s1/t_s_pog_flag/f_auto/static/flag/4x3/qa
paris-2024,Republic of Korea,13,9,10,32,https://gstatic.olympics.com/s1/t_s_pog_flag/f_auto/static/flag/4x3/kr
paris-2024,Republic of Moldova,-,1,3,4,https://gstatic.olympics.com/s1/t_s_pog_flag/f_auto/static/flag/4x3/md
paris-2024,Romania,3,4,2,9,https://gstatic.olympics.com/s1/t_s_pog_flag/f_auto/static/flag/4x3/ro
paris-2024,Saint Lucia,1,1,-,2,https://gstatic.olympics.com/s1/t_s_pog_flag/f_auto/static/flag/4x3/lc
paris-2024,Serbia,3,1,1,5,https://gstatic.olympics.com/s1/t_s_pog_flag/f_auto/static/flag/4x3/rs
paris-2024,Singapore,-,-,1,1,https://gstatic.olympics.com/s1/t_s_pog_flag/f_auto/static/flag/4x3/sg
paris-2024,Slovakia,-,-,1,1,https://gstatic.olympics.com/s1/t_s_pog_flag/f_auto/static/flag/4x3/sk
paris-2024,Slovenia,2,1,-,3,https://gstatic.olympics.com/s1/t_s_pog_flag/f_auto/static/flag/4x3/si
paris-2024,South Africa,1,3,2,6,https://gstatic.olympics.com/s1/t_s_pog_flag/f_auto/static/flag/4x3/za
paris-2024,Spain,5,4,9,18,https://gstatic.olympics.com/s1/t_s_pog_flag/f_auto/static/flag/4x3/es
paris-2024,Sweden,4,4,3,11,https://gstatic.olympics.com/s1/t_s_pog_flag/f_auto/static/flag/4x3/se
paris-2024,Switzerland,1,2,5,8,https://gstatic.olympics.com/s1/t_s_pog_flag/f_auto/static/flag/4x3/ch
paris-2024,Tajikistan,-,-,3,3,https://gstatic.olympics.com/s1/t_s_pog_flag/f_auto/static/flag/4x3/tj
paris-2024,Thailand,1,3,2,6,https://gstatic.olympics.com/s1/t_s_pog_flag/f_auto/static/flag/4x3/th
paris-2024,Tunisia,1,1,1,3,https://gstatic.olympics.com/s1/t_s_pog_flag/f_auto/static/flag/4x3/tn
paris-2024,Türkiye,-,3,5,8,https://gstatic.olympics.com/s1/t_s_pog_flag/f_auto/static/flag/4x3/tr
paris-2024,Uganda,1,1,-,2,https://gstatic.olympics.com/s1/t_s_pog_flag/f_auto/static/flag/4x3/ug
paris-2024,Ukraine,3,5,4,12,https://gstatic.olympics.com/s1/t_s_pog_flag/f_auto/static/flag/4x3/ua
paris-2024,United States of America,40,44,42,126,https://gstatic.olympics.com/s1/t_s_pog_flag/f_auto/static/flag/4x3/us
paris-2024,Uzbekistan,8,2,3,13,https://gstatic.olympics.com/s1/t_s_pog_flag/f_auto/static/flag/4x3/uz
paris-2024,Zambia,-,-,1,1,https://gstatic.olympics.com/s1/t_s_pog_flag/f_auto/static/flag/4x3/zm
tokyo-2020,Argentina,-,1,2,3,https://gstatic.olympics.com/s1/t_s_pog_flag/f_auto/static/flag/4x3/ar
tokyo-2020,Armenia,-,2,2,4,https://gstatic.olympics.com/s1/t_s_pog_flag/f_auto/static/flag/4x3/am
tokyo-2020,Australia,17,7,22,46,https://gstatic.olympics.com/s1/t_s_pog_flag/f_auto/static/flag/4x3/au
tokyo-2020,Austria,1,1,5,7,https://gstatic.olympics.com/s1/t_s_pog_flag/f_auto/static/flag/4x3/at
tokyo-2020,Azerbaijan,-,3,4,7,https://gstatic.olympics.com/s1/t_s_pog_flag/f_auto/static/flag/4x3/az
tokyo-2020,Bahamas,2,-,-,2,https://gstatic.olympics.com/s1/t_s_pog_flag/f_auto/static/flag/4x3/bs
tokyo-2020,Bahrain,-,1,-,1,https://gstatic.olympics.com/s1/t_s_pog_flag/f_auto/static/flag/4x3/bh
tokyo-2020,Belarus,1,3,3,7,https://gstatic.olympics.com/s1/t_s_pog_flag/f_auto/static/flag/4x3/by
tokyo-2020,Belgium,3,1,3,7,https://gstatic.olympics.com/s1/t_s_pog_flag/f_auto/static/flag/4x3/be
tokyo-2020,Bermuda,1,-,-,1,https://gstatic.olympics.com/s1/t_s_pog_flag/f_auto/static/flag/4x3/bm
tokyo-2020,Botswana,-,-,1,1,https://gstatic.olympics.com/s1/t_s_pog_flag/f_auto/static/flag/4x3/bw
tokyo-2020,Brazil,7,6,8,21,https://gstatic.olympics.com/s1/t_s_pog_flag/f_auto/static/flag/4x3/br
tokyo-2020,Bulgaria,3,1,2,6,https://gstatic.olympics.com/s1/t_s_pog_flag/f_auto/static/flag/4x3/bg
tokyo-2020,Burkina Faso,-,-,1,1,https://gstatic.olympics.com/s1/t_s_pog_flag/f_auto/static/flag/4x3/bf
tokyo-2020,Canada,7,7,10,24,https://gstatic.olympics.com/s1/t_s_pog_flag/f_auto/static/flag/4x3/ca
tokyo-2020,Chinese Taipei,2,4,6,12,https://gstatic.olympics.com/s1/t_s_pog_flag/f_auto/static/flag/4x3/tw
tokyo-2020,Colombia,-,4,1,5,https://gstatic.olympics.com/s1/t_s_pog_flag/f_auto/static/flag/4x3/co
tokyo-2020,Croatia,3,3,2,8,https://gstatic.olympics.com/s1/t_s_pog_flag/f_auto/static/flag/4x3/hr
tokyo-2020,Cuba,7,3,5,15,https://gstatic.olympics.com/s1/t_s_pog_flag/f_auto/static/flag/4x3/cu
tokyo-2020,Czechia,4,4,3,11,https://gstatic.olympics.com/s1/t_s_pog_flag/f_auto/static/flag/4x3/cz
tokyo-2020,Côte d'Ivoire,-,-,1,1,https://gstatic.olympics.com/s1/t_s_pog_flag/f_auto/static/flag/4x3/ci
tokyo-2020,Denmark,3,4,4,11,https://gstatic.olympics.com/s1/t_s_pog_flag/f_auto/static/flag/4x3/dk
tokyo-2020,Dominican Republic,-,3,2,5,https://gstatic.olympics.com/s1/t_s_pog_flag/f_auto/static/flag/4x3/do
tokyo-2020,Ecuador,2,1,-,3,https://gstatic.olympics.com/s1/t_s_pog_flag/f_auto/static/flag/4x3/ec
tokyo-2020,Egypt,1,1,4,6,https://gstatic.olympics.com/s1/t_s_pog_flag/f_auto/static/flag/4x3/eg
tokyo-2020,Estonia,1,-,1,2,https://gstatic.olympics.com/s1/t_s_pog_flag/f_auto/static/flag/4x3/ee
tokyo-2020,Ethiopia,1,1,2,4,https://gstatic.olympics.com/s1/t_s_pog_flag/f_auto/static/flag/4x3/et
tokyo-2020,Fiji,1,-,1,2,https://gstatic.olympics.com/s1/t_s_pog_flag/f_auto/static/flag/4x3/fj
tokyo-2020,Finland,-,-,2,2,https://gstatic.olympics.com/s1/t_s_pog_flag/f_auto/static/flag/4x3/fi
tokyo-2020,France,10,12,11,33,https://gstatic.olympics.com/s1/t_s_pog_flag/f_auto/static/flag/4x3/fr
tokyo-2020,Georgia,2,5,1,8,https://gstatic.olympics.com/s1/t_s_pog_flag/f_auto/static/flag/4x3/ge
tokyo-2020,Germany,10,11,16,37,https://gstatic.olympics.com/s1/t_s_pog_flag/f_auto/static/flag/4x3/de
tokyo-2020,Ghana,-,-,1,1,https://gstatic.olympics.com/s1/t_s_pog_flag/f_auto/static/flag/4x3/gh
tokyo-2020,Great Britain,22,20,22,64,https://gstatic.olympics.com/s1/t_s_pog_flag/f_auto/static/flag/4x3/gb
tokyo-2020,Greece,2,1,1,4,https://gstatic.olympics.com/s1/t_s_pog_flag/f_auto/static/flag/4x3/gr
tokyo-2020,Grenada,-,-,1,1,https://gstatic.olympics.com/s1/t_s_pog_flag/f_auto/static/flag/4x3/gd
tokyo-2020,"Hong Kong, China",1,2,3,6,https://gstatic.olympics.com/s1/t_s_pog_flag/f_auto/static/flag/4x3/hk
tokyo-2020,Hungary,6,7,7,20,https://gstatic.olympics.com/s1/t_s_pog_flag/f_auto/static/flag/4x3/hu
tokyo-2020,India,1,2,4,7,https://gstatic.olympics.com/s1/t_s_pog_flag/f_auto/static/flag/4x3/in
tokyo-2020,Indonesia,1,1,3,5,https://gstatic.olympics.com/s1/t_s_pog_flag/f_auto/static/flag/4x3/id
tokyo-2020,Ireland,2,-,2,4,https://gstatic.olympics.com/s1/t_s_pog_flag/f_auto/static/flag/4x3/ie
tokyo-2020,Islamic Republic of Iran,3,2,2,7,https://gstatic.olympics.com/s1/t_s_pog_flag/f_auto/static/flag/4x3/ir
tokyo-2020,Israel,2,-,2,4,https://gstatic.olympics.com/s1/t_s_pog_flag/f_auto/static/flag/4x3/il
tokyo-2020,Italy,10,10,20,40,https://gstatic.olympics.com/s1/t_s_pog_flag/f_auto/static/flag/4x3/it
tokyo-2020,Jamaica,4,1,4,9,https://gstatic.olympics.com/s1/t_s_pog_flag/f_auto/static/flag/4x3/jm
tokyo-2020,Japan,27,14,17,58,https://gstatic.olympics.com/s1/t_s_pog_flag/f_auto/static/flag/4x3/jp
tokyo-2020,Jordan,-,1,1,2,https://gstatic.olympics.com/s1/t_s_pog_flag/f_auto/static/flag/4x3/jo
tokyo-2020,Kazakhstan,-,-,8,8,https://gstatic.olympics.com/s1/t_s_pog_flag/f_auto/static/flag/4x3/kz
tokyo-2020,Kenya,4,4,2,10,https://gstatic.olympics.com/s1/t_s_pog_flag/f_auto/static/flag/4x3/ke
tokyo-2020,Kosovo,2,-,-,2,https://gstatic.olympics.com/s1/t_s_pog_flag/f_auto/static/flag/4x3/xk
tokyo-2020,Kuwait,-,-,1,1,https://gstatic.olympics.com/s1/t_s_pog_flag/f_auto/static/flag/4x3/kw
tokyo-2020,Kyrgyzstan,-,2,1,3,https://gstatic.olympics.com/s1/t_s_pog_flag/f_auto/static/flag/4x3/kg
tokyo-2020,Latvia,1,-,1,2,https://gstatic.olympics.com/s1/t_s_pog_flag/f_auto/static/flag/4x3/lv
tokyo-2020,Lithuania,-,1,-,1,https://gstatic.olympics.com/s1/t_s_pog_flag/f_auto/static/flag/4x3/lt
tokyo-2020,Malaysia,-,1,1,2,https://gstatic.olympics.com/s1/t_s_pog_flag/f_auto/static/flag/4x3/my
tokyo-2020,Mexico,-,-,4,4,https://gstatic.olympics.com/s1/t_s_pog_flag/f_auto/static/flag/4x3/mx
tokyo-2020,Mongolia,-,1,3,4,https://gstatic.olympics.com/s1/t_s_pog_flag/f_auto/static/flag/4x3/mn
tokyo-2020,Morocco,1,-,-,1,https://gstatic.olympics.com/s1/t_s_pog_flag/f_auto/static/flag/4x3/ma
tokyo-2020,Namibia,-,1,-,1,https://gstatic.olympics.com/s1/t_s_pog_flag/f_auto/static/flag/4x3/na
tokyo-2020,Netherlands,10,12,14,36,https://gstatic.olympics.com/s1/t_s_pog_flag/f_auto/static/flag/4x3/nl
tokyo-2020,New Zealand,7,6,7,20,https://gstatic.olympics.com/s1/t_s_pog_flag/f_auto/static/flag/4x3/nz
tokyo-2020,Nigeria,-,1,1,2,https://gstatic.olympics.com/s1/t_s_pog_flag/f_auto/static/flag/4x3/ng
tokyo-2020,North Macedonia,-,1,-,1,https://gstatic.olympics.com/s1/t_s_pog_flag/f_auto/static/flag/4x3/mk
tokyo-2020,Norway,4,2,2,8,https://gstatic.olympics.com/s1/t_s_pog_flag/f_auto/static/flag/4x3/no
tokyo-2020,People's Republic of China,38,32,19,89,https://gstatic.olympics.com/s1/t_s_pog_flag/f_auto/static/flag/4x3/cn
tokyo-2020,Philippines,1,2,1,4,https://gstatic.olympics.com/s1/t_s_pog_flag/f_auto/static/flag/4x3/ph
tokyo-2020,Poland,4,5,5,14,https://gstatic.olympics.com/s1/t_s_pog_flag/f_auto/static/flag/4x3/pl
tokyo-2020,Portugal,1,1,2,4,https://gstatic.olympics.com/s1/t_s_pog_flag/f_auto/static/flag/4x3/pt
tokyo-2020,Puerto Rico,1,-,-,1,https://gstatic.olympics.com/s1/t_s_pog_flag/f_auto/static/flag/4x3/pr
tokyo-2020,Qatar,2,-,1,3,https://gstatic.olympics.com/s1/t_s_pog_flag/f_auto/static/flag/4x3/qa
tokyo-2020,ROC,20,28,23,71,https://gstatic.olympics.com/s1/t_s_pog_flag/f_auto/static/flag/4x3/roc
tokyo-2020,Republic of Korea,6,4,10,20,https://gstatic.olympics.com/s1/t_s_pog_flag/f_auto/static/flag/4x3/kr
tokyo-2020,Republic of Moldova,-,-,1,1,https://gstatic.olympics.com/s1/t_s_pog_flag/f_auto/static/flag/4x3/md
tokyo-2020,Romania,1,3,-,4,https://gstatic.olympics.com/s1/t_s_pog_flag/f_auto/static/flag/4x3/ro
tokyo-2020,San Marino,-,1,2,3,https://gstatic.olympics.com/s1/t_s_pog_flag/f_auto/static/flag/4x3/sm
tokyo-2020,Saudi Arabia,-,1,-,1,https://gstatic.olympics.com/s1/t_s_pog_flag/f_auto/static/flag/4x3/sa
tokyo-2020,Serbia,3,1,5,9,https://gstatic.olympics.com/s1/t_s_pog_flag/f_auto/static/flag/4x3/rs
tokyo-2020,Slovakia,1,2,1,4,https://gstatic.olympics.com/s1/t_s_pog_flag/f_auto/static/flag/4x3/sk
tokyo-2020,Slovenia,3,1,1,5,https://gstatic.olympics.com/s1/t_s_pog_flag/f_auto/static/flag/4x3/si
tokyo-2020,South Africa,1,2,-,3,https://gstatic.olympics.com/s1/t_s_pog_flag/f_auto/static/flag/4x3/za
tokyo-2020,Spain,3,8,6,17,https://gstatic.olympics.com/s1/t_s_pog_flag/f_auto/static/flag/4x3/es
tokyo-2020,Sweden,3,6,-,9,https://gstatic.olympics.com/s1/t_s_pog_flag/f_auto/static/flag/4x3/se
tokyo-2020,Switzerland,3,4,6,13,https://gstatic.olympics.com/s1/t_s_pog_flag/f_auto/static/flag/4x3/ch
tokyo-2020,Syrian Arab Republic,-,-,1,1,https://gstatic.olympics.com/s1/t_s_pog_flag/f_auto/static/flag/4x3/sy
tokyo-2020,Thailand,1,-,1,2,https://gstatic.olympics.com/s1/t_s_pog_flag/f_auto/static/flag/4x3/th
tokyo-2020,Tunisia,1,1,-,2,https://gstatic.olympics.com/s1/t_s_pog_flag/f_auto/static/flag/4x3/tn
tokyo-2020,Turkmenistan,-,1,-,1,https://gstatic.olympics.com/s1/t_s_pog_flag/f_auto/static/flag/4x3/tm
tokyo-2020,Türkiye,2,2,9,13,https://gstatic.olympics.com/s1/t_s_pog_flag/f_auto/static/flag/4x3/tr
tokyo-2020,Uganda,2,1,1,4,https://gstatic.olympics.com/s1/t_s_pog_flag/f_auto/static/flag/4x3/ug
tokyo-2020,Ukraine,1,6,12,19,https://gstatic.olympics.com/s1/t_s_pog_flag/f_auto/static/flag/4x3/ua
tokyo-2020,United States of America,39,41,33,113,https://gstatic.olympics.com/s1/t_s_pog_flag/f_auto/static/flag/4x3/us
tokyo-2020,Uzbekistan,3,-,2,5,https://gstatic.olympics.com/s1/t_s_pog_flag/f_auto/static/flag/4x3/uz
tokyo-2020,Venezuela,1,3,-,4,https://gstatic.olympics.com/s1/t_s_pog_flag/f_auto/static/flag/4x3/ve
rio-2016,Algeria,-,2,-,2,https://gstatic.olympics.com/s1/t_s_pog_flag/f_auto/static/flag/4x3/dz
rio-2016,Argentina,3,1,-,4,https://gstatic.olympics.com/s1/t_s_pog_flag/f_auto/static/flag/4x3/ar
rio-2016,Armenia,1,3,-,4,https://gstatic.olympics.com/s1/t_s_pog_flag/f_auto/static/flag/4x3/am
rio-2016,Australia,8,11,10,29,https://gstatic.olympics.com/s1/t_s_pog_flag/f_auto/static/flag/4x3/au
rio-2016,Austria,-,-,1,1,https://gstatic.olympics.com/s1/t_s_pog_flag/f_auto/static/flag/4x3/at
rio-2016,Azerbaijan,1,7,10,18,https://gstatic.olympics.com/s1/t_s_pog_flag/f_auto/static/flag/4x3/az
rio-2016,Bahamas,1,-,1,2,https://gstatic.olympics.com/s1/t_s_pog_flag/f_auto/static/flag/4x3/bs
rio-2016,Bahrain,1,1,-,2,https://gstatic.olympics.com/s1/t_s_pog_flag/f_auto/static/flag/4x3/bh
rio-2016,Belarus,1,4,4,9,https://gstatic.olympics.com/s1/t_s_pog_flag/f_auto/static/flag/4x3/by
rio-2016,Belgium,2,2,2,6,https://gstatic.olympics.com/s1/t_s_pog_flag/f_auto/static/flag/4x3/be
rio-2016,Brazil,7,6,6,19,https://gstatic.olympics.com/s1/t_s_pog_flag/f_auto/static/flag/4x3/br
rio-2016,Bulgaria,-,1,2,3,https://gstatic.olympics.com/s1/t_s_pog_flag/f_auto/static/flag/4x3/bg
rio-2016,Burundi,-,1,-,1,https://gstatic.olympics.com/s1/t_s_pog_flag/f_auto/static/flag/4x3/bi
rio-2016,Canada,4,3,15,22,https://gstatic.olympics.com/s1/t_s_pog_flag/f_auto/static/flag/4x3/ca
rio-2016,Chinese Taipei,1,-,2,3,https://gstatic.olympics.com/s1/t_s_pog_flag/f_auto/static/flag/4x3/tw
rio-2016,Colombia,3,2,3,8,https://gstatic.olympics.com/s1/t_s_pog_flag/f_auto/static/flag/4x3/co
rio-2016,Croatia,5,3,2,10,https://gstatic.olympics.com/s1/t_s_pog_flag/f_auto/static/flag/4x3/hr
rio-2016,Cuba,5,2,4,11,https://gstatic.olympics.com/s1/t_s_pog_flag/f_auto/static/flag/4x3/cu
rio-2016,Czechia,1,2,7,10,https://gstatic.olympics.com/s1/t_s_pog_flag/f_auto/static/flag/4x3/cz
rio-2016,Côte d'Ivoire,1,-,1,2,https://gstatic.olympics.com/s1/t_s_pog_flag/f_auto/static/flag/4x3/ci
rio-2016,Democratic People's Republic of Korea,2,3,2,7,https://gstatic.olympics.com/s1/t_s_pog_flag/f_auto/static/flag/4x3/kp
rio-2016,Denmark,2,6,7,15,https://gstatic.olympics.com/s1/t_s_pog_flag/f_auto/static/flag/4x3/dk
rio-2016,Dominican Republic,-,-,1,1,https://gstatic.olympics.com/s1/t_s_pog_flag/f_auto/static/flag/4x3/do
rio-2016,Egypt,-,-,3,3,https://gstatic.olympics.com/s1/t_s_pog_flag/f_auto/static/flag/4x3/eg
rio-2016,Estonia,-,-,1,1,https://gstatic.olympics.com/s1/t_s_pog_flag/f_auto/static/flag/4x3/ee
rio-2016,Ethiopia,1,2,5,8,https://gstatic.olympics.com/s1/t_s_pog_flag/f_auto/static/flag/4x3/et
rio-2016,Fiji,1,-,-,1,https://gstatic.olympics.com/s1/t_s_pog_flag/f_auto/static/flag/4x3/fj
rio-2016,Finland,-,-,1,1,https://gstatic.olympics.com/s1/t_s_pog_flag/f_auto/static/flag/4x3/fi
rio-2016,France,10,18,14,42,https://gstatic.olympics.com/s1/t_s_pog_flag/f_auto/static/flag/4x3/fr
rio-2016,Georgia,2,1,4,7,https://gstatic.olympics.com/s1/t_s_pog_flag/f_auto/static/flag/4x3/ge
rio-2016,Germany,17,10,15,42,https://gstatic.olympics.com/s1/t_s_pog_flag/f_auto/static/flag/4x3/de
rio-2016,Great Britain,27,23,17,67,https://gstatic.olympics.com/s1/t_s_pog_flag/f_auto/static/flag/4x3/gb
rio-2016,Greece,3,1,2,6,https://gstatic.olympics.com/s1/t_s_pog_flag/f_auto/static/flag/4x3/gr
rio-2016,Grenada,-,1,-,1,https://gstatic.olympics.com/s1/t_s_pog_flag/f_auto/static/flag/4x3/gd
rio-2016,Hungary,8,3,4,15,https://gstatic.olympics.com/s1/t_s_pog_flag/f_auto/static/flag/4x3/hu
rio-2016,Independent Olympic Athletes,1,-,1,2,https://gstatic.olympics.com/s1/t_s_pog_flag/f_auto/static/flag/4x3/ioa
rio-2016,India,-,1,1,2,https://gstatic.olympics.com/s1/t_s_pog_flag/f_auto/static/flag/4x3/in
rio-2016,Indonesia,1,2,-,3,https://gstatic.olympics.com/s1/t_s_pog_flag/f_auto/static/flag/4x3/id
rio-2016,Ireland,-,2,-,2,https://gstatic.olympics.com/s1/t_s_pog_flag/f_auto/static/flag/4x3/ie
rio-2016,Islamic Republic of Iran,3,1,4,8,https://gstatic.olympics.com/s1/t_s_pog_flag/f_auto/static/flag/4x3/ir
rio-2016,Israel,-,-,2,2,https://gstatic.olympics.com/s1/t_s_pog_flag/f_auto/static/flag/4x3/il
rio-2016,Italy,8,12,8,28,https://gstatic.olympics.com/s1/t_s_pog_flag/f_auto/static/flag/4x3/it
rio-2016,Jamaica,6,3,2,11,https://gstatic.olympics.com/s1/t_s_pog_flag/f_auto/static/flag/4x3/jm
rio-2016,Japan,12,8,21,41,https://gstatic.olympics.com/s1/t_s_pog_flag/f_auto/static/flag/4x3/jp
rio-2016,Jordan,1,-,-,1,https://gstatic.olympics.com/s1/t_s_pog_flag/f_auto/static/flag/4x3/jo
rio-2016,Kazakhstan,2,5,10,17,https://gstatic.olympics.com/s1/t_s_pog_flag/f_auto/static/flag/4x3/kz
rio-2016,Kenya,6,6,1,13,https://gstatic.olympics.com/s1/t_s_pog_flag/f_auto/static/flag/4x3/ke
rio-2016,Kosovo,1,-,-,1,https://gstatic.olympics.com/s1/t_s_pog_flag/f_auto/static/flag/4x3/xk
rio-2016,Lithuania,-,1,3,4,https://gstatic.olympics.com/s1/t_s_pog_flag/f_auto/static/flag/4x3/lt
rio-2016,Malaysia,-,4,1,5,https://gstatic.olympics.com/s1/t_s_pog_flag/f_auto/static/flag/4x3/my
rio-2016,Mexico,-,3,2,5,https://gstatic.olympics.com/s1/t_s_pog_flag/f_auto/static/flag/4x3/mx
rio-2016,Mongolia,-,1,1,2,https://gstatic.olympics.com/s1/t_s_pog_flag/f_auto/static/flag/4x3/mn
rio-2016,Morocco,-,-,1,1,https://gstatic.olympics.com/s1/t_s_pog_flag/f_auto/static/flag/4x3/ma
rio-2016,Netherlands,8,7,4,19,https://gstatic.olympics.com/s1/t_s_pog_flag/f_auto/static/flag/4x3/nl
rio-2016,New Zealand,4,9,5,18,https://gstatic.olympics.com/s1/t_s_pog_flag/f_auto/static/flag/4x3/nz
rio-2016,Niger,-,1,-,1,https://gstatic.olympics.com/s1/t_s_pog_flag/f_auto/static/flag/4x3/ne
rio-2016,Nigeria,-,-,1,1,https://gstatic.olympics.com/s1/t_s_pog_flag/f_auto/static/flag/4x3/ng
rio-2016,Norway,-,-,4,4,https://gstatic.olympics.com/s1/t_s_pog_flag/f_auto/static/flag/4x3/no
rio-2016,People's Republic of China,26,18,26,70,https://gstatic.olympics.com/s1/t_s_pog_flag/f_auto/static/flag/4x3/cn
rio-2016,Philippines,-,1,-,1,https://gstatic.olympics.com/s1/t_s_pog_flag/f_auto/static/flag/4x3/ph
rio-2016,Poland,2,3,6,11,https://gstatic.olympics.com/s1/t_s_pog_flag/f_auto/static/flag/4x3/pl
rio-2016,Portugal,-,-,1,1,https://gstatic.olympics.com/s1/t_s_pog_flag/f_auto/static/flag/4x3/pt
rio-2016,Puerto Rico,1,-,-,1,https://gstatic.olympics.com/s1/t_s_pog_flag/f_auto/static/flag/4x3/pr
rio-2016,Qatar,-,1,-,1,https://gstatic.olympics.com/s1/t_s_pog_flag/f_auto/static/flag/4x3/qa
rio-2016,Republic of Korea,9,3,9,21,https://gstatic.olympics.com/s1/t_s_pog_flag/f_auto/static/flag/4x3/kr
rio-2016,Romania,1,1,2,4,https://gstatic.olympics.com/s1/t_s_pog_flag/f_auto/static/flag/4x3/ro
rio-2016,Russian Federation,19,17,20,56,https://gstatic.olympics.com/s1/t_s_pog_flag/f_auto/static/flag/4x3/ru
rio-2016,Serbia,2,4,2,8,https://gstatic.olympics.com/s1/t_s_pog_flag/f_auto/static/flag/4x3/rs
rio-2016,Singapore,1,-,-,1,https://gstatic.olympics.com/s1/t_s_pog_flag/f_auto/static/flag/4x3/sg
rio-2016,Slovakia,2,2,-,4,https://gstatic.olympics.com/s1/t_s_pog_flag/f_auto/static/flag/4x3/sk
rio-2016,Slovenia,1,2,1,4,https://gstatic.olympics.com/s1/t_s_pog_flag/f_auto/static/flag/4x3/si
rio-2016,South Africa,2,6,2,10,https://gstatic.olympics.com/s1/t_s_pog_flag/f_auto/static/flag/4x3/za
rio-2016,Spain,7,4,6,17,https://gstatic.olympics.com/s1/t_s_pog_flag/f_auto/static/flag/4x3/es
rio-2016,Sweden,2,6,3,11,https://gstatic.olympics.com/s1/t_s_pog_flag/f_auto/static/flag/4x3/se
rio-2016,Switzerland,3,2,2,7,https://gstatic.olympics.com/s1/t_s_pog_flag/f_auto/static/flag/4x3/ch
rio-2016,Tajikistan,1,-,-,1,https://gstatic.olympics.com/s1/t_s_pog_flag/f_auto/static/flag/4x3/tj
rio-2016,Thailand,2,2,2,6,https://gstatic.olympics.com/s1/t_s_pog_flag/f_auto/static/flag/4x3/th
rio-2016,Trinidad and Tobago,-,-,1,1,https://gstatic.olympics.com/s1/t_s_pog_flag/f_auto/static/flag/4x3/tt
rio-2016,Tunisia,-,-,3,3,https://gstatic.olympics.com/s1/t_s_pog_flag/f_auto/static/flag/4x3/tn
rio-2016,Türkiye,1,3,4,8,https://gstatic.olympics.com/s1/t_s_pog_flag/f_auto/static/flag/4x3/tr
rio-2016,Ukraine,2,5,4,11,https://gstatic.olympics.com/s1/t_s_pog_flag/f_auto/static/flag/4x3/ua
rio-2016,United Arab Emirates,-,-,1,1,https://gstatic.olympics.com/s1/t_s_pog_flag/f_auto/static/flag/4x3/ae
rio-2016,United States of America,46,37,38,121,https://gstatic.olympics.com/s1/t_s_pog_flag/f_auto/static/flag/4x3/us
rio-2016,Uzbekistan,4,2,7,13,https://gstatic.olympics.com/s1/t_s_pog_flag/f_auto/static/flag/4x3/uz
rio-2016,Venezuela,-,2,1,3,https://gstatic.olympics.com/s1/t_s_pog_flag/f_auto/static/flag/4x3/ve
rio-2016,Vietnam,1,1,-,2,https://gstatic.olympics.com/s1/t_s_pog_flag/f_auto/static/flag/4x3/vn
london-2012,Afghanistan,-,-,1,1,https://gstatic.olympics.com/s1/t_s_pog_flag/f_auto/static/flag/4x3/af
london-2012,Algeria,1,-,-,1,https://gstatic.olympics.com/s1/t_s_pog_flag/f_auto/static/flag/4x3/dz
london-2012,Argentina,1,1,2,4,https://gstatic.olympics.com/s1/t_s_pog_flag/f_auto/static/flag/4x3/ar
london-2012,Armenia,-,1,1,2,https://gstatic.olympics.com/s1/t_s_pog_flag/f_auto/static/flag/4x3/am
london-2012,Australia,8,15,12,35,https://gstatic.olympics.com/s1/t_s_pog_flag/f_auto/static/flag/4x3/au
london-2012,Azerbaijan,2,2,5,9,https://gstatic.olympics.com/s1/t_s_pog_flag/f_auto/static/flag/4x3/az
london-2012,Bahamas,1,-,-,1,https://gstatic.olympics.com/s1/t_s_pog_flag/f_auto/static/flag/4x3/bs
london-2012,Bahrain,1,-,-,1,https://gstatic.olympics.com/s1/t_s_pog_flag/f_auto/static/flag/4x3/bh
london-2012,Belarus,2,5,3,10,https://gstatic.olympics.com/s1/t_s_pog_flag/f_auto/static/flag/4x3/by
london-2012,Belgium,-,1,2,3,https://gstatic.olympics.com/s1/t_s_pog_flag/f_auto/static/flag/4x3/be
london-2012,Botswana,-,1,-,1,https://gstatic.olympics.com/s1/t_s_pog_flag/f_auto/static/flag/4x3/bw
london-2012,Brazil,3,5,9,17,https://gstatic.olympics.com/s1/t_s_pog_flag/f_auto/static/flag/4x3/br
london-2012,Bulgaria,-,2,1,3,https://gstatic.olympics.com/s1/t_s_pog_flag/f_auto/static/flag/4x3/bg
london-2012,Cameroon,-,-,1,1,https://gstatic.olympics.com/s1/t_s_pog_flag/f_auto/static/flag/4x3/cm
london-2012,Canada,2,6,10,18,https://gstatic.olympics.com/s1/t_s_pog_flag/f_auto/static/flag/4x3/ca
london-2012,Chinese Taipei,1,-,1,2,https://gstatic.olympics.com/s1/t_s_pog_flag/f_auto/static/flag/4x3/tw
london-2012,Colombia,1,3,5,9,https://gstatic.olympics.com/s1/t_s_pog_flag/f_auto/static/flag/4x3/co
london-2012,Croatia,3,1,2,6,https://gstatic.olympics.com/s1/t_s_pog_flag/f_auto/static/flag/4x3/hr
london-2012,Cuba,5,3,7,15,https://gstatic.olympics.com/s1/t_s_pog_flag/f_auto/static/flag/4x3/cu
london-2012,Cyprus,-,1,-,1,https://gstatic.olympics.com/s1/t_s_pog_flag/f_auto/static/flag/4x3/cy
london-2012,Czechia,4,4,3,11,https://gstatic.olympics.com/s1/t_s_pog_flag/f_auto/static/flag/4x3/cz
london-2012,Democratic People's Republic of Korea,4,-,2,6,https://gstatic.olympics.com/s1/t_s_pog_flag/f_auto/static/flag/4x3/kp
london-2012,Denmark,2,4,3,9,https://gstatic.olympics.com/s1/t_s_pog_flag/f_auto/static/flag/4x3/dk
london-2012,Dominican Republic,1,1,-,2,https://gstatic.olympics.com/s1/t_s_pog_flag/f_auto/static/flag/4x3/do
london-2012,Egypt,-,3,1,4,https://gstatic.olympics.com/s1/t_s_pog_flag/f_auto/static/flag/4x3/eg
london-2012,Estonia,-,1,1,2,https://gstatic.olympics.com/s1/t_s_pog_flag/f_auto/static/flag/4x3/ee
london-2012,Ethiopia,3,2,3,8,https://gstatic.olympics.com/s1/t_s_pog_flag/f_auto/static/flag/4x3/et
london-2012,Finland,-,2,1,3,https://gstatic.olympics.com/s1/t_s_pog_flag/f_auto/static/flag/4x3/fi
london-2012,France,11,11,13,35,https://gstatic.olympics.com/s1/t_s_pog_flag/f_auto/static/flag/4x3/fr
london-2012,Gabon,-,1,-,1,https://gstatic.olympics.com/s1/t_s_pog_flag/f_auto/static/flag/4x3/ga
london-2012,Georgia,1,2,3,6,https://gstatic.olympics.com/s1/t_s_pog_flag/f_auto/static/flag/4x3/ge
london-2012,Germany,11,20,13,44,https://gstatic.olympics.com/s1/t_s_pog_flag/f_auto/static/flag/4x3/de
london-2012,Great Britain,29,18,18,65,https://gstatic.olympics.com/s1/t_s_pog_flag/f_auto/static/flag/4x3/gb
london-2012,Greece,-,-,2,2,https://gstatic.olympics.com/s1/t_s_pog_flag/f_auto/static/flag/4x3/gr
london-2012,Grenada,1,-,-,1,https://gstatic.olympics.com/s1/t_s_pog_flag/f_auto/static/flag/4x3/gd
london-2012,Guatemala,-,1,-,1,https://gstatic.olympics.com/s1/t_s_pog_flag/f_auto/static/flag/4x3/gt
london-2012,"Hong Kong, China",-,-,1,1,https://gstatic.olympics.com/s1/t_s_pog_flag/f_auto/static/flag/4x3/hk
london-2012,Hungary,8,4,6,18,https://gstatic.olympics.com/s1/t_s_pog_flag/f_auto/static/flag/4x3/hu
london-2012,India,-,2,4,6,https://gstatic.olympics.com/s1/t_s_pog_flag/f_auto/static/flag/4x3/in
london-2012,Indonesia,-,2,1,3,https://gstatic.olympics.com/s1/t_s_pog_flag/f_auto/static/flag/4x3/id
london-2012,Ireland,1,1,4,6,https://gstatic.olympics.com/s1/t_s_pog_flag/f_auto/static/flag/4x3/ie
london-2012,Islamic Republic of Iran,7,5,1,13,https://gstatic.olympics.com/s1/t_s_pog_flag/f_auto/static/flag/4x3/ir
london-2012,Italy,8,9,11,28,https://gstatic.olympics.com/s1/t_s_pog_flag/f_auto/static/flag/4x3/it
london-2012,Jamaica,4,5,4,13,https://gstatic.olympics.com/s1/t_s_pog_flag/f_auto/static/flag/4x3/jm
london-2012,Japan,7,14,17,38,https://gstatic.olympics.com/s1/t_s_pog_flag/f_auto/static/flag/4x3/jp
london-2012,Kazakhstan,3,1,7,11,https://gstatic.olympics.com/s1/t_s_pog_flag/f_auto/static/flag/4x3/kz
london-2012,Kenya,2,4,7,13,https://gstatic.olympics.com/s1/t_s_pog_flag/f_auto/static/flag/4x3/ke
london-2012,Kuwait,-,-,1,1,https://gstatic.olympics.com/s1/t_s_pog_flag/f_auto/static/flag/4x3/kw
london-2012,Latvia,1,-,1,2,https://gstatic.olympics.com/s1/t_s_pog_flag/f_auto/static/flag/4x3/lv
london-2012,Lithuania,2,-,3,5,https://gstatic.olympics.com/s1/t_s_pog_flag/f_auto/static/flag/4x3/lt
london-2012,Malaysia,-,1,1,2,https://gstatic.olympics.com/s1/t_s_pog_flag/f_auto/static/flag/4x3/my
london-2012,Mexico,1,3,4,8,https://gstatic.olympics.com/s1/t_s_pog_flag/f_auto/static/flag/4x3/mx
london-2012,Mongolia,-,2,3,5,https://gstatic.olympics.com/s1/t_s_pog_flag/f_auto/static/flag/4x3/mn
london-2012,Montenegro,-,1,-,1,https://gstatic.olympics.com/s1/t_s_pog_flag/f_auto/static/flag/4x3/me
london-2012,Morocco,-,-,1,1,https://gstatic.olympics.com/s1/t_s_pog_flag/f_auto/static/flag/4x3/ma
london-2012,Netherlands,6,6,8,20,https://gstatic.olympics.com/s1/t_s_pog_flag/f_auto/static/flag/4x3/nl
london-2012,New Zealand,6,2,5,13,https://gstatic.olympics.com/s1/t_s_pog_flag/f_auto/static/flag/4x3/nz
london-2012,Norway,2,1,1,4,https://gstatic.olympics.com/s1/t_s_pog_flag/f_auto/static/flag/4x3/no
london-2012,People's Republic of China,39,31,22,92,https://gstatic.olympics.com/s1/t_s_pog_flag/f_auto/static/flag/4x3/cn
london-2012,Poland,3,2,6,11,https://gstatic.olympics.com/s1/t_s_pog_flag/f_auto/static/flag/4x3/pl
london-2012,Portugal,-,1,-,1,https://gstatic.olympics.com/s1/t_s_pog_flag/f_auto/static/flag/4x3/pt
london-2012,Puerto Rico,-,1,1,2,https://gstatic.olympics.com/s1/t_s_pog_flag/f_auto/static/flag/4x3/pr
london-2012,Qatar,-,1,1,2,https://gstatic.olympics.com/s1/t_s_pog_flag/f_auto/static/flag/4x3/qa
london-2012,Republic of Korea,13,9,9,31,https://gstatic.olympics.com/s1/t_s_pog_flag/f_auto/static/flag/4x3/kr
london-2012,Romania,2,4,1,7,https://gstatic.olympics.com/s1/t_s_pog_flag/f_auto/static/flag/4x3/ro
london-2012,Russian Federation,18,21,26,65,https://gstatic.olympics.com/s1/t_s_pog_flag/f_auto/static/flag/4x3/ru
london-2012,Saudi Arabia,-,-,1,1,https://gstatic.olympics.com/s1/t_s_pog_flag/f_auto/static/flag/4x3/sa
london-2012,Serbia,1,1,2,4,https://gstatic.olympics.com/s1/t_s_pog_flag/f_auto/static/flag/4x3/rs
london-2012,Singapore,-,-,2,2,https://gstatic.olympics.com/s1/t_s_pog_flag/f_auto/static/flag/4x3/sg
london-2012,Slovakia,-,1,3,4,https://gstatic.olympics.com/s1/t_s_pog_flag/f_auto/static/flag/4x3/sk
london-2012,Slovenia,1,1,2,4,https://gstatic.olympics.com/s1/t_s_pog_flag/f_auto/static/flag/4x3/si
london-2012,South Africa,4,1,1,6,https://gstatic.olympics.com/s1/t_s_pog_flag/f_auto/static/flag/4x3/za
london-2012,Spain,4,10,6,20,https://gstatic.olympics.com/s1/t_s_pog_flag/f_auto/static/flag/4x3/es
london-2012,Sweden,1,4,3,8,https://gstatic.olympics.com/s1/t_s_pog_flag/f_auto/static/flag/4x3/se
london-2012,Switzerland,2,2,-,4,https://gstatic.olympics.com/s1/t_s_pog_flag/f_auto/static/flag/4x3/ch
london-2012,Tajikistan,-,-,1,1,https://gstatic.olympics.com/s1/t_s_pog_flag/f_auto/static/flag/4x3/tj
london-2012,Thailand,-,2,2,4,https://gstatic.olympics.com/s1/t_s_pog_flag/f_auto/static/flag/4x3/th
london-2012,Trinidad and Tobago,1,1,2,4,https://gstatic.olympics.com/s1/t_s_pog_flag/f_auto/static/flag/4x3/tt
london-2012,Tunisia,2,-,1,3,https://gstatic.olympics.com/s1/t_s_pog_flag/f_auto/static/flag/4x3/tn
london-2012,Türkiye,1,1,1,3,https://gstatic.olympics.com/s1/t_s_pog_flag/f_auto/static/flag/4x3/tr
london-2012,Uganda,1,-,-,1,https://gstatic.olympics.com/s1/t_s_pog_flag/f_auto/static/flag/4x3/ug
london-2012,Ukraine,5,4,10,19,https://gstatic.olympics.com/s1/t_s_pog_flag/f_auto/static/flag/4x3/ua
london-2012,United States of America,48,26,30,104,https://gstatic.olympics.com/s1/t_s_pog_flag/f_auto/static/flag/4x3/us
london-2012,Uzbekistan,-,-,3,3,https://gstatic.olympics.com/s1/t_s_pog_flag/f_auto/static/flag/4x3/uz
london-2012,Venezuela,1,-,-,1,https://gstatic.olympics.com/s1/t_s_pog_flag/f_auto/static/flag/4x3/ve
london-2012,Vietnam,-,-,1,1,https://gstatic.olympics.com/s1/t_s_pog_flag/f_auto/static/flag/4x3/vn
beijing-2008,Afghanistan,-,-,1,1,https://gstatic.olympics.com/s1/t_s_pog_flag/f_auto/static/flag/4x3/af
beijing-2008,Algeria,-,1,1,2,https://gstatic.olympics.com/s1/t_s_pog_flag/f_auto/static/flag/4x3/dz
beijing-2008,Argentina,2,-,4,6,https://gstatic.olympics.com/s1/t_s_pog_flag/f_auto/static/flag/4x3/ar
beijing-2008,Armenia,-,1,4,5,https://gstatic.olympics.com/s1/t_s_pog_flag/f_auto/static/flag/4x3/am
beijing-2008,Australia,14,15,17,46,https://gstatic.olympics.com/s1/t_s_pog_flag/f_auto/static/flag/4x3/au
beijing-2008,Austria,-,1,2,3,https://gstatic.olympics.com/s1/t_s_pog_flag/f_auto/static/flag/4x3/at
beijing-2008,Azerbaijan,1,1,4,6,https://gstatic.olympics.com/s1/t_s_pog_flag/f_auto/static/flag/4x3/az
beijing-2008,Bahamas,-,1,1,2,https://gstatic.olympics.com/s1/t_s_pog_flag/f_auto/static/flag/4x3/bs
beijing-2008,Belarus,3,4,7,14,https://gstatic.olympics.com/s1/t_s_pog_flag/f_auto/static/flag/4x3/by
beijing-2008,Belgium,2,-,-,2,https://gstatic.olympics.com/s1/t_s_pog_flag/f_auto/static/flag/4x3/be
beijing-2008,Brazil,3,4,10,17,https://gstatic.olympics.com/s1/t_s_pog_flag/f_auto/static/flag/4x3/br
beijing-2008,Bulgaria,1,1,3,5,https://gstatic.olympics.com/s1/t_s_pog_flag/f_auto/static/flag/4x3/bg
beijing-2008,Cameroon,1,-,-,1,https://gstatic.olympics.com/s1/t_s_pog_flag/f_auto/static/flag/4x3/cm
beijing-2008,Canada,3,9,8,20,https://gstatic.olympics.com/s1/t_s_pog_flag/f_auto/static/flag/4x3/ca
beijing-2008,Chile,-,1,-,1,https://gstatic.olympics.com/s1/t_s_pog_flag/f_auto/static/flag/4x3/cl
beijing-2008,Chinese Taipei,1,1,2,4,https://gstatic.olympics.com/s1/t_s_pog_flag/f_auto/static/flag/4x3/tw
beijing-2008,Colombia,-,2,1,3,https://gstatic.olympics.com/s1/t_s_pog_flag/f_auto/static/flag/4x3/co
beijing-2008,Croatia,-,2,3,5,https://gstatic.olympics.com/s1/t_s_pog_flag/f_auto/static/flag/4x3/hr
beijing-2008,Cuba,3,10,17,30,https://gstatic.olympics.com/s1/t_s_pog_flag/f_auto/static/flag/4x3/cu
beijing-2008,Czechia,3,3,1,7,https://gstatic.olympics.com/s1/t_s_pog_flag/f_auto/static/flag/4x3/cz
beijing-2008,Democratic People's Republic of Korea,2,2,2,6,https://gstatic.olympics.com/s1/t_s_pog_flag/f_auto/static/flag/4x3/kp
beijing-2008,Denmark,2,2,3,7,https://gstatic.olympics.com/s1/t_s_pog_flag/f_auto/static/flag/4x3/dk
beijing-2008,Dominican Republic,1,1,-,2,https://gstatic.olympics.com/s1/t_s_pog_flag/f_auto/static/flag/4x3/do
beijing-2008,Ecuador,-,1,-,1,https://gstatic.olympics.com/s1/t_s_pog_flag/f_auto/static/flag/4x3/ec
beijing-2008,Egypt,-,-,2,2,https://gstatic.olympics.com/s1/t_s_pog_flag/f_auto/static/flag/4x3/eg
beijing-2008,Estonia,1,1,-,2,https://gstatic.olympics.com/s1/t_s_pog_flag/f_auto/static/flag/4x3/ee
beijing-2008,Ethiopia,4,2,1,7,https://gstatic.olympics.com/s1/t_s_pog_flag/f_auto/static/flag/4x3/et
beijing-2008,Finland,1,1,2,4,https://gstatic.olympics.com/s1/t_s_pog_flag/f_auto/static/flag/4x3/fi
beijing-2008,France,7,16,20,43,https://gstatic.olympics.com/s1/t_s_pog_flag/f_auto/static/flag/4x3/fr
beijing-2008,Georgia,3,2,2,7,https://gstatic.olympics.com/s1/t_s_pog_flag/f_auto/static/flag/4x3/ge
beijing-2008,Germany,16,11,14,41,https://gstatic.olympics.com/s1/t_s_pog_flag/f_auto/static/flag/4x3/de
beijing-2008,Great Britain,19,13,19,51,https://gstatic.olympics.com/s1/t_s_pog_flag/f_auto/static/flag/4x3/gb
beijing-2008,Greece,-,2,1,3,https://gstatic.olympics.com/s1/t_s_pog_flag/f_auto/static/flag/4x3/gr
beijing-2008,Hungary,3,5,2,10,https://gstatic.olympics.com/s1/t_s_pog_flag/f_auto/static/flag/4x3/hu
beijing-2008,Iceland,-,1,-,1,https://gstatic.olympics.com/s1/t_s_pog_flag/f_auto/static/flag/4x3/is
beijing-2008,India,1,-,2,3,https://gstatic.olympics.com/s1/t_s_pog_flag/f_auto/static/flag/4x3/in
beijing-2008,Indonesia,1,1,4,6,https://gstatic.olympics.com/s1/t_s_pog_flag/f_auto/static/flag/4x3/id
beijing-2008,Ireland,-,1,2,3,https://gstatic.olympics.com/s1/t_s_pog_flag/f_auto/static/flag/4x3/ie
beijing-2008,Islamic Republic of Iran,1,-,1,2,https://gstatic.olympics.com/s1/t_s_pog_flag/f_auto/static/flag/4x3/ir
beijing-2008,Israel,-,-,1,1,https://gstatic.olympics.com/s1/t_s_pog_flag/f_auto/static/flag/4x3/il
beijing-2008,Italy,8,9,10,27,https://gstatic.olympics.com/s1/t_s_pog_flag/f_auto/static/flag/4x3/it
beijing-2008,Jamaica,5,4,2,11,https://gstatic.olympics.com/s1/t_s_pog_flag/f_auto/static/flag/4x3/jm
beijing-2008,Japan,9,8,8,25,https://gstatic.olympics.com/s1/t_s_pog_flag/f_auto/static/flag/4x3/jp
beijing-2008,Kazakhstan,2,3,4,9,https://gstatic.olympics.com/s1/t_s_pog_flag/f_auto/static/flag/4x3/kz
beijing-2008,Kenya,6,4,6,16,https://gstatic.olympics.com/s1/t_s_pog_flag/f_auto/static/flag/4x3/ke
beijing-2008,Kyrgyzstan,-,1,2,3,https://gstatic.olympics.com/s1/t_s_pog_flag/f_auto/static/flag/4x3/kg
beijing-2008,Latvia,1,1,1,3,https://gstatic.olympics.com/s1/t_s_pog_flag/f_auto/static/flag/4x3/lv
beijing-2008,Lithuania,-,3,2,5,https://gstatic.olympics.com/s1/t_s_pog_flag/f_auto/static/flag/4x3/lt
beijing-2008,Malaysia,-,1,-,1,https://gstatic.olympics.com/s1/t_s_pog_flag/f_auto/static/flag/4x3/my
beijing-2008,Mauritius,-,-,1,1,https://gstatic.olympics.com/s1/t_s_pog_flag/f_auto/static/flag/4x3/mu
beijing-2008,Mexico,2,-,2,4,https://gstatic.olympics.com/s1/t_s_pog_flag/f_auto/static/flag/4x3/mx
beijing-2008,Mongolia,2,2,-,4,https://gstatic.olympics.com/s1/t_s_pog_flag/f_auto/static/flag/4x3/mn
beijing-2008,Morocco,-,1,1,2,https://gstatic.olympics.com/s1/t_s_pog_flag/f_auto/static/flag/4x3/ma
beijing-2008,Netherlands,7,5,4,16,https://gstatic.olympics.com/s1/t_s_pog_flag/f_auto/static/flag/4x3/nl
beijing-2008,New Zealand,3,2,4,9,https://gstatic.olympics.com/s1/t_s_pog_flag/f_auto/static/flag/4x3/nz
beijing-2008,Nigeria,-,3,2,5,https://gstatic.olympics.com/s1/t_s_pog_flag/f_auto/static/flag/4x3/ng
beijing-2008,Norway,3,5,1,9,https://gstatic.olympics.com/s1/t_s_pog_flag/f_auto/static/flag/4x3/no
beijing-2008,Panama,1,-,-,1,https://gstatic.olympics.com/s1/t_s_pog_flag/f_auto/static/flag/4x3/pa
beijing-2008,People's Republic of China,48,22,30,100,https://gstatic.olympics.com/s1/t_s_pog_flag/f_auto/static/flag/4x3/cn
beijing-2008,Poland,4,5,2,11,https://gstatic.olympics.com/s1/t_s_pog_flag/f_auto/static/flag/4x3/pl
beijing-2008,Portugal,1,1,-,2,https://gstatic.olympics.com/s1/t_s_pog_flag/f_auto/static/flag/4x3/pt
beijing-2008,Republic of Korea,13,11,8,32,https://gstatic.olympics.com/s1/t_s_pog_flag/f_auto/static/flag/4x3/kr
beijing-2008,Republic of Moldova,-,-,1,1,https://gstatic.olympics.com/s1/t_s_pog_flag/f_auto/static/flag/4x3/md
beijing-2008,Romania,4,1,4,9,https://gstatic.olympics.com/s1/t_s_pog_flag/f_auto/static/flag/4x3/ro
beijing-2008,Russian Federation,24,13,23,60,https://gstatic.olympics.com/s1/t_s_pog_flag/f_auto/static/flag/4x3/ru
beijing-2008,Samoa,-,1,-,1,https://gstatic.olympics.com/s1/t_s_pog_flag/f_auto/static/flag/4x3/ws
beijing-2008,Serbia,-,1,2,3,https://gstatic.olympics.com/s1/t_s_pog_flag/f_auto/static/flag/4x3/rs
beijing-2008,Singapore,-,1,-,1,https://gstatic.olympics.com/s1/t_s_pog_flag/f_auto/static/flag/4x3/sg
beijing-2008,Slovakia,3,3,-,6,https://gstatic.olympics.com/s1/t_s_pog_flag/f_auto/static/flag/4x3/sk
beijing-2008,Slovenia,1,2,2,5,https://gstatic.olympics.com/s1/t_s_pog_flag/f_auto/static/flag/4x3/si
beijing-2008,South Africa,-,1,-,1,https://gstatic.olympics.com/s1/t_s_pog_flag/f_auto/static/flag/4x3/za
beijing-2008,Spain,5,11,3,19,https://gstatic.olympics.com/s1/t_s_pog_flag/f_auto/static/flag/4x3/es
beijing-2008,Sudan,-,1,-,1,https://gstatic.olympics.com/s1/t_s_pog_flag/f_auto/static/flag/4x3/sd
beijing-2008,Sweden,-,4,1,5,https://gstatic.olympics.com/s1/t_s_pog_flag/f_auto/static/flag/4x3/se
beijing-2008,Switzerland,2,1,4,7,https://gstatic.olympics.com/s1/t_s_pog_flag/f_auto/static/flag/4x3/ch
beijing-2008,Tajikistan,-,1,1,2,https://gstatic.olympics.com/s1/t_s_pog_flag/f_auto/static/flag/4x3/tj
beijing-2008,Thailand,2,2,2,6,https://gstatic.olympics.com/s1/t_s_pog_flag/f_auto/static/flag/4x3/th
beijing-2008,Togo,-,-,1,1,https://gstatic.olympics.com/s1/t_s_pog_flag/f_auto/static/flag/4x3/tg
beijing-2008,Trinidad and Tobago,1,1,-,2,https://gstatic.olympics.com/s1/t_s_pog_flag/f_auto/static/flag/4x3/tt
beijing-2008,Tunisia,1,-,-,1,https://gstatic.olympics.com/s1/t_s_pog_flag/f_auto/static/flag/4x3/tn
beijing-2008,Türkiye,1,1,3,5,https://gstatic.olympics.com/s1/t_s_pog_flag/f_auto/static/flag/4x3/tr
beijing-2008,Ukraine,7,4,11,22,https://gstatic.olympics.com/s1/t_s_pog_flag/f_auto/static/flag/4x3/ua
beijing-2008,United States of America,36,39,37,112,https://gstatic.olympics.com/s1/t_s_pog_flag/f_auto/static/flag/4x3/us
beijing-2008,Uzbekistan,-,1,3,4,https://gstatic.olympics.com/s1/t_s_pog_flag/f_auto/static/flag/4x3/uz
beijing-2008,Venezuela,-,-,1,1,https://gstatic.olympics.com/s1/t_s_pog_flag/f_auto/static/flag/4x3/ve
beijing-2008,Vietnam,-,1,-,1,https://gstatic.olympics.com/s1/t_s_pog_flag/f_auto/static/flag/4x3/vn
beijing-2008,Zimbabwe,1,3,-,4,https://gstatic.olympics.com/s1/t_s_pog_flag/f_auto/static/flag/4x3/zw
athens-2004,Argentina,2,-,4,6,https://gstatic.olympics.com/s1/t_s_pog_flag/f_auto/static/flag/4x3/ar
athens-2004,Australia,17,16,17,50,https://gstatic.olympics.com/s1/t_s_pog_flag/f_auto/static/flag/4x3/au
athens-2004,Austria,2,4,1,7,https://gstatic.olympics.com/s1/t_s_pog_flag/f_auto/static/flag/4x3/at
athens-2004,Azerbaijan,1,-,4,5,https://gstatic.olympics.com/s1/t_s_pog_flag/f_auto/static/flag/4x3/az
athens-2004,Bahamas,1,-,1,2,https://gstatic.olympics.com/s1/t_s_pog_flag/f_auto/static/flag/4x3/bs
athens-2004,Belarus,2,5,6,13,https://gstatic.olympics.com/s1/t_s_pog_flag/f_auto/static/flag/4x3/by
athens-2004,Belgium,1,-,2,3,https://gstatic.olympics.com/s1/t_s_pog_flag/f_auto/static/flag/4x3/be
athens-2004,Brazil,5,2,3,10,https://gstatic.olympics.com/s1/t_s_pog_flag/f_auto/static/flag/4x3/br
athens-2004,Bulgaria,2,1,9,12,https://gstatic.olympics.com/s1/t_s_pog_flag/f_auto/static/flag/4x3/bg
athens-2004,Cameroon,1,-,-,1,https://gstatic.olympics.com/s1/t_s_pog_flag/f_auto/static/flag/4x3/cm
athens-2004,Canada,3,6,3,12,https://gstatic.olympics.com/s1/t_s_pog_flag/f_auto/static/flag/4x3/ca
athens-2004,Chile,2,-,1,3,https://gstatic.olympics.com/s1/t_s_pog_flag/f_auto/static/flag/4x3/cl
athens-2004,Chinese Taipei,2,2,1,5,https://gstatic.olympics.com/s1/t_s_pog_flag/f_auto/static/flag/4x3/tw
athens-2004,Colombia,-,-,2,2,https://gstatic.olympics.com/s1/t_s_pog_flag/f_auto/static/flag/4x3/co
athens-2004,Croatia,1,2,2,5,https://gstatic.olympics.com/s1/t_s_pog_flag/f_auto/static/flag/4x3/hr
athens-2004,Cuba,9,7,11,27,https://gstatic.olympics.com/s1/t_s_pog_flag/f_auto/static/flag/4x3/cu
athens-2004,Czechia,1,3,5,9,https://gstatic.olympics.com/s1/t_s_pog_flag/f_auto/static/flag/4x3/cz
athens-2004,Democratic People's Republic of Korea,-,4,1,5,https://gstatic.olympics.com/s1/t_s_pog_flag/f_auto/static/flag/4x3/kp
athens-2004,Denmark,2,1,5,8,https://gstatic.olympics.com/s1/t_s_pog_flag/f_auto/static/flag/4x3/dk
athens-2004,Dominican Republic,1,-,-,1,https://gstatic.olympics.com/s1/t_s_pog_flag/f_auto/static/flag/4x3/do
athens-2004,Egypt,1,1,3,5,https://gstatic.olympics.com/s1/t_s_pog_flag/f_auto/static/flag/4x3/eg
athens-2004,Eritrea,-,-,1,1,https://gstatic.olympics.com/s1/t_s_pog_flag/f_auto/static/flag/4x3/er
athens-2004,Estonia,-,1,2,3,https://gstatic.olympics.com/s1/t_s_pog_flag/f_auto/static/flag/4x3/ee
athens-2004,Ethiopia,2,3,2,7,https://gstatic.olympics.com/s1/t_s_pog_flag/f_auto/static/flag/4x3/et
athens-2004,Finland,-,2,-,2,https://gstatic.olympics.com/s1/t_s_pog_flag/f_auto/static/flag/4x3/fi
athens-2004,France,11,9,13,33,https://gstatic.olympics.com/s1/t_s_pog_flag/f_auto/static/flag/4x3/fr
athens-2004,Georgia,2,2,-,4,https://gstatic.olympics.com/s1/t_s_pog_flag/f_auto/static/flag/4x3/ge
athens-2004,Germany,13,16,20,49,https://gstatic.olympics.com/s1/t_s_pog_flag/f_auto/static/flag/4x3/de
athens-2004,Great Britain,9,9,12,30,https://gstatic.olympics.com/s1/t_s_pog_flag/f_auto/static/flag/4x3/gb
athens-2004,Greece,6,6,4,16,https://gstatic.olympics.com/s1/t_s_pog_flag/f_auto/static/flag/4x3/gr
athens-2004,"Hong Kong, China",-,1,-,1,https://gstatic.olympics.com/s1/t_s_pog_flag/f_auto/static/flag/4x3/hk
athens-2004,Hungary,8,6,3,17,https://gstatic.olympics.com/s1/t_s_pog_flag/f_auto/static/flag/4x3/hu
athens-2004,India,-,1,-,1,https://gstatic.olympics.com/s1/t_s_pog_flag/f_auto/static/flag/4x3/in
athens-2004,Indonesia,1,1,2,4,https://gstatic.olympics.com/s1/t_s_pog_flag/f_auto/static/flag/4x3/id
athens-2004,Islamic Republic of Iran,2,2,2,6,https://gstatic.olympics.com/s1/t_s_pog_flag/f_auto/static/flag/4x3/ir
athens-2004,Israel,1,-,1,2,https://gstatic.olympics.com/s1/t_s_pog_flag/f_auto/static/flag/4x3/il
athens-2004,Italy,10,11,11,32,https://gstatic.olympics.com/s1/t_s_pog_flag/f_auto/static/flag/4x3/it
athens-2004,Jamaica,2,1,2,5,https://gstatic.olympics.com/s1/t_s_pog_flag/f_auto/static/flag/4x3/jm
athens-2004,Japan,16,9,12,37,https://gstatic.olympics.com/s1/t_s_pog_flag/f_auto/static/flag/4x3/jp
athens-2004,Kazakhstan,1,4,3,8,https://gstatic.olympics.com/s1/t_s_pog_flag/f_auto/static/flag/4x3/kz
athens-2004,Kenya,1,4,2,7,https://gstatic.olympics.com/s1/t_s_pog_flag/f_auto/static/flag/4x3/ke
athens-2004,Latvia,-,4,-,4,https://gstatic.olympics.com/s1/t_s_pog_flag/f_auto/static/flag/4x3/lv
athens-2004,Lithuania,1,2,-,3,https://gstatic.olympics.com/s1/t_s_pog_flag/f_auto/static/flag/4x3/lt
athens-2004,Mexico,-,3,1,4,https://gstatic.olympics.com/s1/t_s_pog_flag/f_auto/static/flag/4x3/mx
athens-2004,Mongolia,-,-,1,1,https://gstatic.olympics.com/s1/t_s_pog_flag/f_auto/static/flag/4x3/mn
athens-2004,Morocco,2,1,-,3,https://gstatic.olympics.com/s1/t_s_pog_flag/f_auto/static/flag/4x3/ma
athens-2004,Netherlands,4,9,9,22,https://gstatic.olympics.com/s1/t_s_pog_flag/f_auto/static/flag/4x3/nl
athens-2004,New Zealand,3,2,-,5,https://gstatic.olympics.com/s1/t_s_pog_flag/f_auto/static/flag/4x3/nz
athens-2004,Nigeria,-,-,2,2,https://gstatic.olympics.com/s1/t_s_pog_flag/f_auto/static/flag/4x3/ng
athens-2004,Norway,5,-,1,6,https://gstatic.olympics.com/s1/t_s_pog_flag/f_auto/static/flag/4x3/no
athens-2004,Paraguay,-,1,-,1,https://gstatic.olympics.com/s1/t_s_pog_flag/f_auto/static/flag/4x3/py
athens-2004,People's Republic of China,32,17,14,63,https://gstatic.olympics.com/s1/t_s_pog_flag/f_auto/static/flag/4x3/cn
athens-2004,Poland,3,2,5,10,https://gstatic.olympics.com/s1/t_s_pog_flag/f_auto/static/flag/4x3/pl
athens-2004,Portugal,-,2,1,3,https://gstatic.olympics.com/s1/t_s_pog_flag/f_auto/static/flag/4x3/pt
athens-2004,Republic of Korea,9,12,9,30,https://gstatic.olympics.com/s1/t_s_pog_flag/f_auto/static/flag/4x3/kr
athens-2004,Romania,8,5,6,19,https://gstatic.olympics.com/s1/t_s_pog_flag/f_auto/static/flag/4x3/ro
athens-2004,Russian Federation,28,26,36,90,https://gstatic.olympics.com/s1/t_s_pog_flag/f_auto/static/flag/4x3/ru
athens-2004,Serbia and Montenegro,-,2,-,2,https://gstatic.olympics.com/s1/t_s_pog_flag/f_auto/static/flag/4x3/csxx
athens-2004,Slovakia,2,2,2,6,https://gstatic.olympics.com/s1/t_s_pog_flag/f_auto/static/flag/4x3/sk
athens-2004,Slovenia,-,1,3,4,https://gstatic.olympics.com/s1/t_s_pog_flag/f_auto/static/flag/4x3/si
athens-2004,South Africa,1,3,2,6,https://gstatic.olympics.com/s1/t_s_pog_flag/f_auto/static/flag/4x3/za
athens-2004,Spain,3,11,6,20,https://gstatic.olympics.com/s1/t_s_pog_flag/f_auto/static/flag/4x3/es
athens-2004,Sweden,4,2,1,7,https://gstatic.olympics.com/s1/t_s_pog_flag/f_auto/static/flag/4x3/se
athens-2004,Switzerland,1,1,3,5,https://gstatic.olympics.com/s1/t_s_pog_flag/f_auto/static/flag/4x3/ch
athens-2004,Syrian Arab Republic,-,-,1,1,https://gstatic.olympics.com/s1/t_s_pog_flag/f_auto/static/flag/4x3/sy
athens-2004,Thailand,3,1,4,8,https://gstatic.olympics.com/s1/t_s_pog_flag/f_auto/static/flag/4x3/th
athens-2004,Trinidad and Tobago,-,-,1,1,https://gstatic.olympics.com/s1/t_s_pog_flag/f_auto/static/flag/4x3/tt
athens-2004,Türkiye,3,3,4,10,https://gstatic.olympics.com/s1/t_s_pog_flag/f_auto/static/flag/4x3/tr
athens-2004,Ukraine,8,5,9,22,https://gstatic.olympics.com/s1/t_s_pog_flag/f_auto/static/flag/4x3/ua
athens-2004,United Arab Emirates,1,-,-,1,https://gstatic.olympics.com/s1/t_s_pog_flag/f_auto/static/flag/4x3/ae
athens-2004,United States of America,36,39,26,101,https://gstatic.olympics.com/s1/t_s_pog_flag/f_auto/static/flag/4x3/us
athens-2004,Uzbekistan,2,1,2,5,https://gstatic.olympics.com/s1/t_s_pog_flag/f_auto/static/flag/4x3/uz
athens-2004,Venezuela,-,-,2,2,https://gstatic.olympics.com/s1/t_s_pog_flag/f_auto/static/flag/4x3/ve
athens-2004,Zimbabwe,1,1,1,3,https://gstatic.olympics.com/s1/t_s_pog_flag/f_auto/static/flag/4x3/zw
sydney-2000,Algeria,1,1,3,5,https://gstatic.olympics.com/s1/t_s_pog_flag/f_auto/static/flag/4x3/dz
sydney-2000,Argentina,-,2,2,4,https://gstatic.olympics.com/s1/t_s_pog_flag/f_auto/static/flag/4x3/ar
sydney-2000,Armenia,-,-,1,1,https://gstatic.olympics.com/s1/t_s_pog_flag/f_auto/static/flag/4x3/am
sydney-2000,Australia,16,25,17,58,https://gstatic.olympics.com/s1/t_s_pog_flag/f_auto/static/flag/4x3/au
sydney-2000,Austria,2,1,-,3,https://gstatic.olympics.com/s1/t_s_pog_flag/f_auto/static/flag/4x3/at
sydney-2000,Azerbaijan,2,-,1,3,https://gstatic.olympics.com/s1/t_s_pog_flag/f_auto/static/flag/4x3/az
sydney-2000,Bahamas,2,-,1,3,https://gstatic.olympics.com/s1/t_s_pog_flag/f_auto/static/flag/4x3/bs
sydney-2000,Barbados,-,-,1,1,https://gstatic.olympics.com/s1/t_s_pog_flag/f_auto/static/flag/4x3/bb
sydney-2000,Belarus,3,3,11,17,https://gstatic.olympics.com/s1/t_s_pog_flag/f_auto/static/flag/4x3/by
sydney-2000,Belgium,-,2,3,5,https://gstatic.olympics.com/s1/t_s_pog_flag/f_auto/static/flag/4x3/be
sydney-2000,Brazil,-,6,6,12,https://gstatic.olympics.com/s1/t_s_pog_flag/f_auto/static/flag/4x3/br
sydney-2000,Bulgaria,5,6,2,13,https://gstatic.olympics.com/s1/t_s_pog_flag/f_auto/static/flag/4x3/bg
sydney-2000,Cameroon,1,-,-,1,https://gstatic.olympics.com/s1/t_s_pog_flag/f_auto/static/flag/4x3/cm
sydney-2000,Canada,3,3,8,14,https://gstatic.olympics.com/s1/t_s_pog_flag/f_auto/static/flag/4x3/ca
sydney-2000,Chile,-,-,1,1,https://gstatic.olympics.com/s1/t_s_pog_flag/f_auto/static/flag/4x3/cl
sydney-2000,Chinese Taipei,-,1,4,5,https://gstatic.olympics.com/s1/t_s_pog_flag/f_auto/static/flag/4x3/tw
sydney-2000,Colombia,1,-,-,1,https://gstatic.olympics.com/s1/t_s_pog_flag/f_auto/static/flag/4x3/co
sydney-2000,Costa Rica,-,-,2,2,https://gstatic.olympics.com/s1/t_s_pog_flag/f_auto/static/flag/4x3/cr
sydney-2000,Croatia,1,-,1,2,https://gstatic.olympics.com/s1/t_s_pog_flag/f_auto/static/flag/4x3/hr
sydney-2000,Cuba,11,11,7,29,https://gstatic.olympics.com/s1/t_s_pog_flag/f_auto/static/flag/4x3/cu
sydney-2000,Czechia,2,3,3,8,https://gstatic.olympics.com/s1/t_s_pog_flag/f_auto/static/flag/4x3/cz
sydney-2000,Democratic People's Republic of Korea,-,1,3,4,https://gstatic.olympics.com/s1/t_s_pog_flag/f_auto/static/flag/4x3/kp
sydney-2000,Denmark,2,3,1,6,https://gstatic.olympics.com/s1/t_s_pog_flag/f_auto/static/flag/4x3/dk
sydney-2000,Estonia,1,-,2,3,https://gstatic.olympics.com/s1/t_s_pog_flag/f_auto/static/flag/4x3/ee
sydney-2000,Ethiopia,4,1,3,8,https://gstatic.olympics.com/s1/t_s_pog_flag/f_auto/static/flag/4x3/et
sydney-2000,Finland,2,1,1,4,https://gstatic.olympics.com/s1/t_s_pog_flag/f_auto/static/flag/4x3/fi
sydney-2000,France,13,14,11,38,https://gstatic.olympics.com/s1/t_s_pog_flag/f_auto/static/flag/4x3/fr
sydney-2000,Georgia,-,-,6,6,https://gstatic.olympics.com/s1/t_s_pog_flag/f_auto/static/flag/4x3/ge
sydney-2000,Germany,13,17,26,56,https://gstatic.olympics.com/s1/t_s_pog_flag/f_auto/static/flag/4x3/de
sydney-2000,Great Britain,11,10,7,28,https://gstatic.olympics.com/s1/t_s_pog_flag/f_auto/static/flag/4x3/gb
sydney-2000,Greece,4,6,3,13,https://gstatic.olympics.com/s1/t_s_pog_flag/f_auto/static/flag/4x3/gr
sydney-2000,Hungary,8,6,3,17,https://gstatic.olympics.com/s1/t_s_pog_flag/f_auto/static/flag/4x3/hu
sydney-2000,Iceland,-,-,1,1,https://gstatic.olympics.com/s1/t_s_pog_flag/f_auto/static/flag/4x3/is
sydney-2000,India,-,-,1,1,https://gstatic.olympics.com/s1/t_s_pog_flag/f_auto/static/flag/4x3/in
sydney-2000,Indonesia,1,3,2,6,https://gstatic.olympics.com/s1/t_s_pog_flag/f_auto/static/flag/4x3/id
sydney-2000,Ireland,-,1,-,1,https://gstatic.olympics.com/s1/t_s_pog_flag/f_auto/static/flag/4x3/ie
sydney-2000,Islamic Republic of Iran,3,-,1,4,https://gstatic.olympics.com/s1/t_s_pog_flag/f_auto/static/flag/4x3/ir
sydney-2000,Israel,-,-,1,1,https://gstatic.olympics.com/s1/t_s_pog_flag/f_auto/static/flag/4x3/il
sydney-2000,Italy,13,8,13,34,https://gstatic.olympics.com/s1/t_s_pog_flag/f_auto/static/flag/4x3/it
sydney-2000,Jamaica,-,6,3,9,https://gstatic.olympics.com/s1/t_s_pog_flag/f_auto/static/flag/4x3/jm
sydney-2000,Japan,5,8,5,18,https://gstatic.olympics.com/s1/t_s_pog_flag/f_auto/static/flag/4x3/jp
sydney-2000,Kazakhstan,3,4,-,7,https://gstatic.olympics.com/s1/t_s_pog_flag/f_auto/static/flag/4x3/kz
sydney-2000,Kenya,2,3,2,7,https://gstatic.olympics.com/s1/t_s_pog_flag/f_auto/static/flag/4x3/ke
sydney-2000,Kuwait,-,-,1,1,https://gstatic.olympics.com/s1/t_s_pog_flag/f_auto/static/flag/4x3/kw
sydney-2000,Kyrgyzstan,-,-,1,1,https://gstatic.olympics.com/s1/t_s_pog_flag/f_auto/static/flag/4x3/kg
sydney-2000,Latvia,1,1,1,3,https://gstatic.olympics.com/s1/t_s_pog_flag/f_auto/static/flag/4x3/lv
sydney-2000,Lithuania,2,-,3,5,https://gstatic.olympics.com/s1/t_s_pog_flag/f_auto/static/flag/4x3/lt
sydney-2000,Mexico,1,2,3,6,https://gstatic.olympics.com/s1/t_s_pog_flag/f_auto/static/flag/4x3/mx
sydney-2000,Morocco,-,1,4,5,https://gstatic.olympics.com/s1/t_s_pog_flag/f_auto/static/flag/4x3/ma
sydney-2000,Mozambique,1,-,-,1,https://gstatic.olympics.com/s1/t_s_pog_flag/f_auto/static/flag/4x3/mz
sydney-2000,Netherlands,12,9,4,25,https://gstatic.olympics.com/s1/t_s_pog_flag/f_auto/static/flag/4x3/nl
sydney-2000,New Zealand,1,-,3,4,https://gstatic.olympics.com/s1/t_s_pog_flag/f_auto/static/flag/4x3/nz
sydney-2000,Nigeria,1,2,-,3,https://gstatic.olympics.com/s1/t_s_pog_flag/f_auto/static/flag/4x3/ng
sydney-2000,North Macedonia,-,-,1,1,https://gstatic.olympics.com/s1/t_s_pog_flag/f_auto/static/flag/4x3/mk
sydney-2000,Norway,4,3,3,10,https://gstatic.olympics.com/s1/t_s_pog_flag/f_auto/static/flag/4x3/no
sydney-2000,People's Republic of China,28,16,14,58,https://gstatic.olympics.com/s1/t_s_pog_flag/f_auto/static/flag/4x3/cn
sydney-2000,Poland,6,5,3,14,https://gstatic.olympics.com/s1/t_s_pog_flag/f_auto/static/flag/4x3/pl
sydney-2000,Portugal,-,-,2,2,https://gstatic.olympics.com/s1/t_s_pog_flag/f_auto/static/flag/4x3/pt
sydney-2000,Qatar,-,-,1,1,https://gstatic.olympics.com/s1/t_s_pog_flag/f_auto/static/flag/4x3/qa
sydney-2000,Republic of Korea,8,10,10,28,https://gstatic.olympics.com/s1/t_s_pog_flag/f_auto/static/flag/4x3/kr
sydney-2000,Republic of Moldova,-,1,1,2,https://gstatic.olympics.com/s1/t_s_pog_flag/f_auto/static/flag/4x3/md
sydney-2000,Romania,11,6,9,26,https://gstatic.olympics.com/s1/t_s_pog_flag/f_auto/static/flag/4x3/ro
sydney-2000,Russian Federation,32,28,29,89,https://gstatic.olympics.com/s1/t_s_pog_flag/f_auto/static/flag/4x3/ru
sydney-2000,Saudi Arabia,-,1,1,2,https://gstatic.olympics.com/s1/t_s_pog_flag/f_auto/static/flag/4x3/sa
sydney-2000,Serbia and Montenegro,1,1,1,3,https://gstatic.olympics.com/s1/t_s_pog_flag/f_auto/static/flag/4x3/csxx
sydney-2000,Slovakia,1,3,1,5,https://gstatic.olympics.com/s1/t_s_pog_flag/f_auto/static/flag/4x3/sk
sydney-2000,Slovenia,2,-,-,2,https://gstatic.olympics.com/s1/t_s_pog_flag/f_auto/static/flag/4x3/si
sydney-2000,South Africa,-,2,3,5,https://gstatic.olympics.com/s1/t_s_pog_flag/f_auto/static/flag/4x3/za
sydney-2000,Spain,3,3,5,11,https://gstatic.olympics.com/s1/t_s_pog_flag/f_auto/static/flag/4x3/es
sydney-2000,Sri Lanka,-,1,-,1,https://gstatic.olympics.com/s1/t_s_pog_flag/f_auto/static/flag/4x3/lk
sydney-2000,Sweden,4,5,3,12,https://gstatic.olympics.com/s1/t_s_pog_flag/f_auto/static/flag/4x3/se
sydney-2000,Switzerland,1,6,2,9,https://gstatic.olympics.com/s1/t_s_pog_flag/f_auto/static/flag/4x3/ch
sydney-2000,Thailand,1,-,2,3,https://gstatic.olympics.com/s1/t_s_pog_flag/f_auto/static/flag/4x3/th
sydney-2000,Trinidad and Tobago,-,1,1,2,https://gstatic.olympics.com/s1/t_s_pog_flag/f_auto/static/flag/4x3/tt
sydney-2000,Türkiye,3,-,2,5,https://gstatic.olympics.com/s1/t_s_pog_flag/f_auto/static/flag/4x3/tr
sydney-2000,Ukraine,3,10,10,23,https://gstatic.olympics.com/s1/t_s_pog_flag/f_auto/static/flag/4x3/ua
sydney-2000,United States of America,37,24,32,93,https://gstatic.olympics.com/s1/t_s_pog_flag/f_auto/static/flag/4x3/us
sydney-2000,Uruguay,-,1,-,1,https://gstatic.olympics.com/s1/t_s_pog_flag/f_auto/static/flag/4x3/uy
sydney-2000,Uzbekistan,1,1,2,4,https://gstatic.olympics.com/s1/t_s_pog_flag/f_auto/static/flag/4x3/uz
sydney-2000,Vietnam,-,1,-,1,https://gstatic.olympics.com/s1/t_s_pog_flag/f_auto/static/flag/4x3/vn
